{"schemaVersion":"1.0","appDefinitionTemplate":{"id":"/providers/Microsoft.PowerApps/apps/","type":"Microsoft.PowerApps/apps","tags":{"primaryDeviceWidth":"1366","primaryDeviceHeight":"768","sienaVersion":"20200414T152725Z-3.20023.8.0","deviceCapabilities":"","supportsPortrait":"false","supportsLandscape":"true","primaryFormFactor":"Tablet","publisherVersion":"3.20023.8","minimumRequiredApiVersion":"2.2.0","hasComponent":"true","hasUnlockedComponent":"true"},"properties":{"appVersion":"2020-04-14T15:27:25Z","lifeCycleId":"Published","createdByClientVersion":{"major":3,"minor":20023,"build":8,"revision":0,"majorRevision":0,"minorRevision":0},"minClientVersion":{"major":3,"minor":20023,"build":8,"revision":0,"majorRevision":0,"minorRevision":0},"backgroundColor":"rgba(0, 176, 240, 1)","backgroundImageUri":"/4215031946956493951/N2874349e-e8f9-4deb-b7c1-3d2b7f96b0c4-logoSmallFile","displayName":"DEV-Canvas Power App Modal Dialog","description":"","commitMessage":"","appUris":{"documentUri":{"value":"/4215031946956493951/N4f3dc446-78e4-470d-b054-e0d1733e9858-document.msapp","readonlyValue":"/4215031946956493951/N4f3dc446-78e4-470d-b054-e0d1733e9858-document.msapp"},"imageUris":[]},"createdTime":"0001-01-01T00:00:00Z","lastModifiedTime":"0001-01-01T00:00:00Z","sharedGroupsCount":0,"sharedUsersCount":0,"icons":{"smallIconUri":"/4215031946956493951/Ncf1e80aa-1dcf-46c7-9049-d98fb6ecb745-small.png","mediumIconUri":"/4215031946956493951/N2301fc49-c55c-4993-9818-86feb11e51fc-medium.png","largeIconUri":"/4215031946956493951/N0924da51-677c-4d74-864c-c4d2fa704698-large.png","wideIconUri":"/4215031946956493951/N780f3b4d-06d8-4de0-a793-c24e4f609b5a-wide.png"},"connectionReferences":{"3f281771-fe57-4622-81d5-9de641fcc709":{"id":"e97aaf31-aa1a-4504-92e5-0f4550f2092f","displayName":"Office 365 Users","iconUri":"https://connectoricons-prod.azureedge.net/office365users/icon_1.0.1335.1964.png","dataSources":["Office365Users"],"dependencies":[],"dependents":[],"parameterHints":{},"isOnPremiseConnection":false,"bypassConsent":false,"dataSets":{},"apiTier":"Standard","isCustomApiConnection":false}},"databaseReferences":{"default.cds":{"databaseDetails":{"referenceType":"Environmental","environmentName":"default.cds"},"dataSources":{"Accounts":{"entitySetName":"accounts","logicalName":"account"}}}},"almMode":"Environment","performanceOptimizationEnabled":false,"canConsumeAppPass":true},"isAppComponentLibrary":false,"appType":"ClassicCanvasApp","appComponents":[]}}