{"schemaVersion":"1.0","appDefinitionTemplate":{"id":"/providers/Microsoft.PowerApps/apps/","type":"Microsoft.PowerApps/apps","tags":{"primaryDeviceWidth":"1366","primaryDeviceHeight":"768","sienaVersion":"20200415T075245Z-3.20023.8.0","deviceCapabilities":"","supportsPortrait":"false","supportsLandscape":"true","primaryFormFactor":"Tablet","publisherVersion":"3.20023.8","minimumRequiredApiVersion":"2.2.0","hasComponent":"true","hasUnlockedComponent":"true"},"properties":{"appVersion":"2020-04-15T07:52:45Z","lifeCycleId":"Published","createdByClientVersion":{"major":3,"minor":20023,"build":8,"revision":0,"majorRevision":0,"minorRevision":0},"minClientVersion":{"major":3,"minor":20023,"build":8,"revision":0,"majorRevision":0,"minorRevision":0},"backgroundColor":"rgba(0, 176, 240, 1)","backgroundImageUri":"/4215031946956493951/Nb8f372db-3f9e-4cae-a43b-e4cb35c2802f-logoSmallFile","displayName":"DEV-Canvas Power App Modal Dialog","description":"","commitMessage":"","appUris":{"documentUri":{"value":"/4215031946956493951/N44cad946-a89a-46be-9e0e-a8bfed8601d6-document.msapp","readonlyValue":"/4215031946956493951/N44cad946-a89a-46be-9e0e-a8bfed8601d6-document.msapp"},"imageUris":[]},"createdTime":"0001-01-01T00:00:00Z","lastModifiedTime":"0001-01-01T00:00:00Z","sharedGroupsCount":0,"sharedUsersCount":0,"icons":{"smallIconUri":"/4215031946956493951/Necdc26dc-8c7f-4a87-9ab0-e050bad23ce4-small.png","mediumIconUri":"/4215031946956493951/N22fef574-6d53-4552-8c7d-5e513582adb6-medium.png","largeIconUri":"/4215031946956493951/N3ea98200-8014-4798-bb51-3921b7a0d8f3-large.png","wideIconUri":"/4215031946956493951/N15fc3e01-3c2f-47b8-bacd-0f42a255af8c-wide.png"},"connectionReferences":{"3f281771-fe57-4622-81d5-9de641fcc709":{"id":"e97aaf31-aa1a-4504-92e5-0f4550f2092f","displayName":"Office 365 Users","iconUri":"https://connectoricons-prod.azureedge.net/office365users/icon_1.0.1335.1964.png","dataSources":["Office365Users"],"dependencies":[],"dependents":[],"parameterHints":{},"isOnPremiseConnection":false,"bypassConsent":false,"dataSets":{},"apiTier":"Standard","isCustomApiConnection":false}},"databaseReferences":{"default.cds":{"databaseDetails":{"referenceType":"Environmental","environmentName":"default.cds"},"dataSources":{"Accounts":{"entitySetName":"accounts","logicalName":"account"}}}},"almMode":"Environment","performanceOptimizationEnabled":false,"canConsumeAppPass":true},"isAppComponentLibrary":false,"appType":"ClassicCanvasApp","appComponents":[]}}