{"schemaVersion":"1.0","appDefinitionTemplate":{"id":"/providers/Microsoft.PowerApps/apps/","type":"Microsoft.PowerApps/apps","tags":{"primaryDeviceWidth":"1366","primaryDeviceHeight":"768","sienaVersion":"20200508T011218Z-3.20023.8.0","deviceCapabilities":"","supportsPortrait":"false","supportsLandscape":"true","primaryFormFactor":"Tablet","publisherVersion":"3.20023.8","minimumRequiredApiVersion":"2.2.0","hasComponent":"true","hasUnlockedComponent":"true"},"properties":{"appVersion":"2020-05-08T01:12:18Z","lifeCycleId":"Published","createdByClientVersion":{"major":3,"minor":20023,"build":8,"revision":0,"majorRevision":0,"minorRevision":0},"minClientVersion":{"major":3,"minor":20023,"build":8,"revision":0,"majorRevision":0,"minorRevision":0},"backgroundColor":"rgba(0, 176, 240, 1)","backgroundImageUri":"/4215031946956493951/Nd0aee929-be6b-4b6b-b631-bbbdb974b62d-logoSmallFile","displayName":"DEV-Canvas Power App Modal Dialog","description":"","commitMessage":"","appUris":{"documentUri":{"value":"/4215031946956493951/Nd50eb343-4fed-416a-8790-10e2c02caaf3-document.msapp","readonlyValue":"/4215031946956493951/Nd50eb343-4fed-416a-8790-10e2c02caaf3-document.msapp"},"imageUris":[]},"createdTime":"0001-01-01T00:00:00Z","lastModifiedTime":"0001-01-01T00:00:00Z","sharedGroupsCount":0,"sharedUsersCount":0,"icons":{"smallIconUri":"/4215031946956493951/N8c59e9e6-ac4e-44c8-9681-29f111fb2de9-small.png","mediumIconUri":"/4215031946956493951/Nbbd6fc42-e4ab-4305-874e-8d899922dccf-medium.png","largeIconUri":"/4215031946956493951/N7b73e520-eca7-42aa-b89d-2d9bb7238462-large.png","wideIconUri":"/4215031946956493951/N3b9c5421-2635-4e34-8d13-5065fc229098-wide.png"},"connectionReferences":{"3f281771-fe57-4622-81d5-9de641fcc709":{"id":"e97aaf31-aa1a-4504-92e5-0f4550f2092f","displayName":"Office 365 Users","iconUri":"https://connectoricons-prod.azureedge.net/office365users/icon_1.0.1335.1964.png","dataSources":["Office365Users"],"dependencies":[],"dependents":[],"parameterHints":{},"isOnPremiseConnection":false,"bypassConsent":false,"dataSets":{},"apiTier":"Standard","isCustomApiConnection":false}},"databaseReferences":{},"almMode":"Environment","performanceOptimizationEnabled":false,"canConsumeAppPass":true},"isAppComponentLibrary":false,"appType":"ClassicCanvasApp","appComponents":[]}}