{"schemaVersion":"1.0","appDefinitionTemplate":{"id":"/providers/Microsoft.PowerApps/apps/","type":"Microsoft.PowerApps/apps","tags":{"primaryDeviceWidth":"1366","primaryDeviceHeight":"768","sienaVersion":"20200502T152110Z-3.20023.8.0","deviceCapabilities":"","supportsPortrait":"false","supportsLandscape":"true","primaryFormFactor":"Tablet","publisherVersion":"3.20023.8","minimumRequiredApiVersion":"2.2.0","hasComponent":"true","hasUnlockedComponent":"true"},"properties":{"appVersion":"2020-05-02T15:21:10Z","lifeCycleId":"Published","createdByClientVersion":{"major":3,"minor":20023,"build":8,"revision":0,"majorRevision":0,"minorRevision":0},"minClientVersion":{"major":3,"minor":20023,"build":8,"revision":0,"majorRevision":0,"minorRevision":0},"backgroundColor":"rgba(0, 176, 240, 1)","backgroundImageUri":"/4215031946956493951/N8b5a0e0e-a78f-422a-9b35-ebdba365ff53-logoSmallFile","displayName":"DEV-Canvas Power App Modal Dialog","description":"","commitMessage":"","appUris":{"documentUri":{"value":"/4215031946956493951/Nd34b6a8e-98c2-463d-9801-4c50eb364033-document.msapp","readonlyValue":"/4215031946956493951/Nd34b6a8e-98c2-463d-9801-4c50eb364033-document.msapp"},"imageUris":[]},"createdTime":"0001-01-01T00:00:00Z","lastModifiedTime":"0001-01-01T00:00:00Z","sharedGroupsCount":0,"sharedUsersCount":0,"icons":{"smallIconUri":"/4215031946956493951/N50f31854-095f-4311-ae3d-5df411f970fa-small.png","mediumIconUri":"/4215031946956493951/N109ad6cc-3bec-433f-9fe6-5df7477b7f40-medium.png","largeIconUri":"/4215031946956493951/N09da608d-7a20-4f95-a33a-8386992a18cb-large.png","wideIconUri":"/4215031946956493951/Nc23ca5ec-19b9-4ce3-9a71-67136020c086-wide.png"},"connectionReferences":{"3f281771-fe57-4622-81d5-9de641fcc709":{"id":"e97aaf31-aa1a-4504-92e5-0f4550f2092f","displayName":"Office 365 Users","iconUri":"https://connectoricons-prod.azureedge.net/office365users/icon_1.0.1335.1964.png","dataSources":["Office365Users"],"dependencies":[],"dependents":[],"parameterHints":{},"isOnPremiseConnection":false,"bypassConsent":false,"dataSets":{},"apiTier":"Standard","isCustomApiConnection":false}},"databaseReferences":{},"almMode":"Environment","performanceOptimizationEnabled":false,"canConsumeAppPass":true},"isAppComponentLibrary":false,"appType":"ClassicCanvasApp","appComponents":[]}}