{"schemaVersion":"1.0","appDefinitionTemplate":{"id":"/providers/Microsoft.PowerApps/apps/","type":"Microsoft.PowerApps/apps","tags":{"primaryDeviceWidth":"1366","primaryDeviceHeight":"768","sienaVersion":"20200414T063639Z-3.20023.8.0","deviceCapabilities":"","supportsPortrait":"false","supportsLandscape":"true","primaryFormFactor":"Tablet","publisherVersion":"3.20023.8","minimumRequiredApiVersion":"2.2.0","hasComponent":"true","hasUnlockedComponent":"true"},"properties":{"appVersion":"2020-04-14T06:36:39Z","lifeCycleId":"Published","createdByClientVersion":{"major":3,"minor":20023,"build":8,"revision":0,"majorRevision":0,"minorRevision":0},"minClientVersion":{"major":3,"minor":20023,"build":8,"revision":0,"majorRevision":0,"minorRevision":0},"backgroundColor":"rgba(0, 176, 240, 1)","backgroundImageUri":"/4215031946956493951/N4eb6cb4d-221f-44e8-a2e3-8deae17fe48b-logoSmallFile","displayName":"DEV-Canvas Power App Modal Dialog","description":"","commitMessage":"","appUris":{"documentUri":{"value":"/4215031946956493951/N6e72859a-4c2d-428f-9a9f-bda3ba6186be-document.msapp","readonlyValue":"/4215031946956493951/N6e72859a-4c2d-428f-9a9f-bda3ba6186be-document.msapp"},"imageUris":[]},"createdTime":"0001-01-01T00:00:00Z","lastModifiedTime":"0001-01-01T00:00:00Z","sharedGroupsCount":0,"sharedUsersCount":0,"icons":{"smallIconUri":"/4215031946956493951/N61718f78-f206-4b50-bc06-03f0b316d4d8-small.png","mediumIconUri":"/4215031946956493951/N7c76c182-2200-4c17-b3fe-6c3dbd402119-medium.png","largeIconUri":"/4215031946956493951/N3d8daaa6-daf1-4443-b566-c721bf479e2f-large.png","wideIconUri":"/4215031946956493951/Naf7a2c6e-0e21-4ab8-bdfc-1a036e622cb4-wide.png"},"connectionReferences":{"3f281771-fe57-4622-81d5-9de641fcc709":{"id":"e97aaf31-aa1a-4504-92e5-0f4550f2092f","displayName":"Office 365 Users","iconUri":"https://connectoricons-prod.azureedge.net/office365users/icon_1.0.1335.1964.png","dataSources":["Office365Users"],"dependencies":[],"dependents":[],"parameterHints":{},"isOnPremiseConnection":false,"bypassConsent":false,"dataSets":{},"apiTier":"Standard","isCustomApiConnection":false}},"databaseReferences":{"default.cds":{"databaseDetails":{"referenceType":"Environmental","environmentName":"default.cds"},"dataSources":{"Accounts":{"entitySetName":"accounts","logicalName":"account"}}}},"almMode":"Environment","performanceOptimizationEnabled":false,"canConsumeAppPass":true},"isAppComponentLibrary":false,"appType":"ClassicCanvasApp","appComponents":[]}}